repeat,prompt_id,category,gen_tokens,wall_time_s,tps,model,hardware,inf_start_ts,inf_end_ts,ttft_ms,ddr_rd_mbs,rd_stall_pct,rd_active_pct,bytes_per_tok
1,MATH-01,MATH,136,39.883,3.41,SmolLM2-135M-Instruct-Q8ZUF,ZC702_ztachip,1782086601.847,1782086641.730,9156.3,533.1,28.9,72.1,153755688
1,MATH-02,MATH,140,41.298,3.39,SmolLM2-135M-Instruct-Q8ZUF,ZC702_ztachip,1782086652.553,1782086693.851,10507.2,532.0,29.1,71.9,154071517
1,MATH-03,MATH,170,50.595,3.36,SmolLM2-135M-Instruct-Q8ZUF,ZC702_ztachip,1782086705.984,1782086756.579,8615.1,528.6,29.5,71.5,154961387
1,MATH-04,MATH,149,43.440,3.43,SmolLM2-135M-Instruct-Q8ZUF,ZC702_ztachip,1782086767.052,1782086810.492,5647.3,533.1,28.9,72.1,153755688
1,MATH-05,MATH,132,38.484,3.43,SmolLM2-135M-Instruct-Q8ZUF,ZC702_ztachip,1782086817.406,1782086855.890,7805.4,534.3,28.8,72.2,153432347
1,SCI-01,SCI,513,178.125,2.88,SmolLM2-135M-Instruct-Q8ZUF,ZC702_ztachip,1782086865.126,1782087043.251,6456.2,486.6,35.1,65.8,167333024
1,SCI-02,SCI,190,56.716,3.35,SmolLM2-135M-Instruct-Q8ZUF,ZC702_ztachip,1782087053.215,1782087109.931,6995.7,526.7,29.8,71.2,155489664
1,SCI-03,SCI,364,117.419,3.10,SmolLM2-135M-Instruct-Q8ZUF,ZC702_ztachip,1782087118.938,1782087236.357,5108.3,504.7,32.7,68.2,161649147
1,SCI-04,SCI,143,41.691,3.43,SmolLM2-135M-Instruct-Q8ZUF,ZC702_ztachip,1782087243.962,1782087285.653,6995.5,533.3,28.9,72.1,153720206
1,SCI-05,SCI,172,50.588,3.40,SmolLM2-135M-Instruct-Q8ZUF,ZC702_ztachip,1782087294.432,1782087345.020,5647.7,530.0,29.3,71.7,154610895
1,GEO-01,GEO,380,124.590,3.05,SmolLM2-135M-Instruct-Q8ZUF,ZC702_ztachip,1782087352.517,1782087477.107,7265.4,501.7,33.1,67.8,162547396
1,GEO-02,GEO,150,43.860,3.42,SmolLM2-135M-Instruct-Q8ZUF,ZC702_ztachip,1782087486.660,1782087530.520,6725.8,532.5,29.0,72.0,153932024
1,GEO-03,GEO,78,21.972,3.55,SmolLM2-135M-Instruct-Q8ZUF,ZC702_ztachip,1782087539.268,1782087561.240,6455.6,541.9,27.8,73.3,151178283
1,GEO-04,GEO,513,178.746,2.87,SmolLM2-135M-Instruct-Q8ZUF,ZC702_ztachip,1782087569.059,1782087747.805,6995.2,486.4,35.1,65.8,167406395
1,GEO-05,GEO,183,54.303,3.37,SmolLM2-135M-Instruct-Q8ZUF,ZC702_ztachip,1782087757.631,1782087811.934,6186.6,528.1,29.6,71.4,155114303
1,HIST-01,HIST,184,54.762,3.36,SmolLM2-135M-Instruct-Q8ZUF,ZC702_ztachip,1782087819.934,1782087874.696,6995.5,527.5,29.7,71.3,155265590
1,HIST-02,HIST,194,58.258,3.33,SmolLM2-135M-Instruct-Q8ZUF,ZC702_ztachip,1782087883.537,1782087941.795,8074.5,525.6,29.9,71.1,155783527
1,HIST-03,HIST,172,51.039,3.37,SmolLM2-135M-Instruct-Q8ZUF,ZC702_ztachip,1782087951.838,1782088002.877,7265.0,529.1,29.5,71.5,154845597
1,HIST-04,HIST,177,52.367,3.38,SmolLM2-135M-Instruct-Q8ZUF,ZC702_ztachip,1782088011.941,1782088064.308,6186.0,528.9,29.5,71.5,154884288
1,HIST-05,HIST,172,50.888,3.38,SmolLM2-135M-Instruct-Q8ZUF,ZC702_ztachip,1782088072.346,1782088123.234,6725.9,529.4,29.4,71.6,154767848
1,ENG-01,ENG,133,38.439,3.46,SmolLM2-135M-Instruct-Q8ZUF,ZC702_ztachip,1782088131.625,1782088170.064,5647.4,535.2,28.6,72.4,153174654
1,ENG-02,ENG,142,41.399,3.43,SmolLM2-135M-Instruct-Q8ZUF,ZC702_ztachip,1782088177.357,1782088218.756,6995.7,533.4,28.9,72.1,153684521
1,ENG-03,ENG,158,46.199,3.42,SmolLM2-135M-Instruct-Q8ZUF,ZC702_ztachip,1782088227.480,1782088273.679,5916.6,531.9,29.1,71.9,154106160
1,ENG-04,ENG,129,37.176,3.47,SmolLM2-135M-Instruct-Q8ZUF,ZC702_ztachip,1782088281.483,1782088318.659,5378.0,535.9,28.5,72.5,152986958
1,ENG-05,ENG,309,97.170,3.18,SmolLM2-135M-Instruct-Q8ZUF,ZC702_ztachip,1782088325.700,1782088422.870,5377.9,511.5,31.8,69.2,159665920
1,GEN-01,GEN,159,46.491,3.42,SmolLM2-135M-Instruct-Q8ZUF,ZC702_ztachip,1782088430.608,1782088477.099,5377.9,532.0,29.1,71.9,154071517
1,GEN-02,GEN,174,51.176,3.40,SmolLM2-135M-Instruct-Q8ZUF,ZC702_ztachip,1782088483.848,1782088535.024,5377.9,529.8,29.4,71.6,154650266
1,GEN-03,GEN,183,54.464,3.36,SmolLM2-135M-Instruct-Q8ZUF,ZC702_ztachip,1782088542.283,1782088596.747,6995.5,527.6,29.6,71.3,155227960
1,GEN-04,GEN,178,52.663,3.38,SmolLM2-135M-Instruct-Q8ZUF,ZC702_ztachip,1782088605.598,1782088658.261,5647.3,529.1,29.5,71.5,154845597
1,GEN-05,GEN,202,60.479,3.34,SmolLM2-135M-Instruct-Q8ZUF,ZC702_ztachip,1782088665.342,1782088725.821,5647.5,525.8,29.9,71.1,155747104
